sampleOrder,Label
1,PT-339O-S1D1-FMV1
2,PT-339O-S1D1-2
3,PT-339O-S1D1-4
4,PT-339O-S1D1-6
5,PT-339O-S1D1-8
6,PT-339O-S1D1-10
7,PT-339O-S1D1-12
8,PT-339O-S1D1-BT
9,PT-339O-S1D2-FMV2
10,PT-105W-S1D1-FMV1
11,PT-105W-S1D1-2
12,PT-105W-S1D1-4
13,PT-105W-S1D1-6
14,PT-105W-S1D1-8
15,PT-105W-S1D1-10
16,PT-105W-S1D1-12
17,PT-105W-S1D1-BT
18,PT-105W-S1D2-FMV2
19,PT-239O-S1D1-FMV1
20,PT-239O-S1D1-2
21,PT-239O-S1D1-4
22,PT-239O-S1D1-6
23,PT-239O-S1D1-8
24,PT-239O-S1D1-10
25,PT-239O-S1D1-12
26,PT-239O-S1D1-14
27,PT-239O-S1D1-BT
28,PT-239O-S1D2-FMV2
29,PT-397R-S1D1-FMV1
30,PT-397R-S1D1-2
31,PT-397R-S1D1-4
32,PT-397R-S1D1-6
33,PT-397R-S1D1-8
34,PT-397R-S1D1-10
35,PT-397R-S1D1-12
36,PT-397R-S1D1-14
37,PT-397R-S1D1-BT
38,PT-397R-S1D2-FMV2
39,PT-983H-S1D1-FMV1
40,PT-983H-S1D1-2
41,PT-983H-S1D1-4
42,PT-983H-S1D1-6
43,PT-983H-S1D1-8
44,PT-983H-S1D1-10
45,PT-983H-S1D1-12
46,PT-983H-S1D1-BT
47,PT-983H-S1D2-FMV2
48,PT-130A-S1D1-FMV1
49,PT-130A-S1D1-2
50,PT-130A-S1D1-4
51,PT-130A-S1D1-6
52,PT-130A-S1D1-8
53,PT-130A-S1D1-10
54,PT-130A-S1D1-12
55,PT-130A-S1D1-14
56,PT-130A-S1D1-BT
57,PT-130A-S1D2-FMV2
58,PT-161H-S1D1-FMV1
59,PT-161H-S1D1-2
60,PT-161H-S1D1-4
61,PT-161H-S1D1-6
62,PT-161H-S1D1-8
63,PT-161H-S1D1-10
64,PT-161H-S1D1-12
65,PT-161H-S1D1-14
66,PT-161H-S1D1-BT
67,PT-161H-S1D2-FMV2
68,PT-295U-S1D1-FMV1
69,PT-295U-S1D1-2
70,PT-295U-S1D1-4
71,PT-295U-S1D1-6
72,PT-295U-S1D1-8
73,PT-295U-S1D1-10
74,PT-295U-S1D1-12
75,PT-295U-S1D1-BT
76,PT-295U-S1D2-FMV2
77,PT-297A-S1D1-FMV1
78,PT-297A-S1D1-2
79,PT-297A-S1D1-4
80,PT-297A-S1D1-6
81,PT-297A-S1D1-8
82,PT-297A-S1D1-10
83,PT-297A-S1D1-12
84,PT-297A-S1D1-14
85,PT-297A-S1D2-FMV2
86,PT-611V-S1D1-FMV1
87,PT-611V-S1D1-2
88,PT-611V-S1D1-4
89,PT-611V-S1D1-6
90,PT-611V-S1D1-8
91,PT-611V-S1D1-10
92,PT-611V-S1D1-12
93,PT-611V-S1D1-14
94,PT-611V-S1D2-FMV2
95,PT-966T-S1D1-FMV1
96,PT-966T-S1D1-2
97,PT-966T-S1D1-4
98,PT-966T-S1D1-6
99,PT-966T-S1D1-8
100,PT-966T-S1D1-10
101,PT-966T-S1D1-12
102,PT-966T-S1D1-14
103,PT-966T-S1D1-BT
104,PT-966T-S1D2-FMV2
105,PT-105W-S2D1-FMV1
106,PT-105W-S2D1-2
107,PT-105W-S2D1-4
108,PT-105W-S2D1-6
109,PT-105W-S2D1-8
110,PT-105W-S2D1-10
111,PT-105W-S2D1-12
112,PT-105W-S2D1-BT
113,PT-105W-S2D2-FMV2
114,PT-239O-S2D1-FMV1
115,PT-239O-S2D1-2
116,PT-239O-S2D1-4
117,PT-239O-S2D1-6
118,PT-239O-S2D1-8
119,PT-239O-S2D1-10
120,PT-239O-S2D1-12
121,PT-239O-S2D1-14
122,PT-239O-S2D2-FMV2
123,PT-397R-S2D1-FMV1
124,PT-397R-S2D1-2
125,PT-397R-S2D1-4
126,PT-397R-S2D1-6
127,PT-397R-S2D1-8
128,PT-397R-S2D1-10
129,PT-397R-S2D1-12
130,PT-397R-S2D1-14
131,PT-397R-S2D1-BT
132,PT-397R-S2D2-FMV2
133,PT-606L-S1D1-FMV1
134,PT-606L-S1D1-2
135,PT-606L-S1D1-4
136,PT-606L-S1D1-6
137,PT-606L-S1D1-8
138,PT-606L-S1D1-10
139,PT-606L-S1D1-12
140,PT-606L-S1D1-BT
141,PT-606L-S1D2-FMV2
142,PT-684B-S1D1-FMV1
143,PT-684B-S1D1-2
144,PT-684B-S1D1-4
145,PT-684B-S1D1-8
146,PT-684B-S1D1-10
147,PT-684B-S1D1-12
148,PT-684B-S1D1-BT
149,PT-684B-S1D2-FMV2
150,PT-983H-S2D1-FMV1
151,PT-983H-S2D1-2
152,PT-983H-S2D1-4
153,PT-983H-S2D1-6
154,PT-983H-S2D1-8
155,PT-983H-S2D1-10
156,PT-983H-S2D1-12
157,PT-983H-S2D1-BT
158,PT-983H-S2D2-FMV2
159,PT-161H-S2D1-FMV1
160,PT-161H-S2D1-2
161,PT-161H-S2D1-4
162,PT-161H-S2D1-6
163,PT-161H-S2D1-8
164,PT-161H-S2D1-10
165,PT-161H-S2D1-12
166,PT-161H-S2D1-BT
167,PT-161H-S2D2-FMV2
168,PT-295U-S2D1-FMV1
169,PT-295U-S2D1-2
170,PT-295U-S2D1-4
171,PT-295U-S2D1-6
172,PT-295U-S2D1-8
173,PT-295U-S2D1-10
174,PT-295U-S2D1-BT
175,PT-295U-S2D2-FMV2
176,PT-297A-S2D1-FMV1
177,PT-297A-S2D1-2
178,PT-297A-S2D1-4
179,PT-297A-S2D1-6
180,PT-297A-S2D1-8
181,PT-297A-S2D1-10
182,PT-297A-S2D1-12
183,PT-297A-S2D1-BT
184,PT-297A-S2D2-FMV2
185,PT-339O-S2D1-FMV1
186,PT-339O-S2D1-2
187,PT-339O-S2D1-4
188,PT-339O-S2D1-6
189,PT-339O-S2D1-8
190,PT-339O-S2D1-10
191,PT-339O-S2D1-12
192,PT-339O-S2D1-BT
193,PT-339O-S2D2-FMV2
194,PT-835E-S1D1-FMV1
195,PT-835E-S1D1-2
196,PT-835E-S1D1-4
197,PT-835E-S1D1-6
198,PT-835E-S1D1-8
199,PT-835E-S1D1-10
200,PT-835E-S1D1-12
201,PT-835E-S1D1-14
202,PT-835E-S1D1-BT
203,PT-835E-S1D2-FMV2
204,PT-966T-S2D1-FMV1
205,PT-966T-S2D1-2
206,PT-966T-S2D1-4
207,PT-966T-S2D1-6
208,PT-966T-S2D1-8
209,PT-966T-S2D1-10
210,PT-966T-S2D1-12
211,PT-966T-S2D1-14
212,PT-966T-S2D1-BT
213,PT-966T-S2D2-FMV2
214,PT-105W-S3D1-FMV1
215,PT-105W-S3D1-2
216,PT-105W-S3D1-4
217,PT-105W-S3D1-6
218,PT-105W-S3D1-8
219,PT-105W-S3D1-10
220,PT-105W-S3D1-12
221,PT-105W-S3D1-14
222,PT-105W-S3D1-BT
223,PT-105W-S3D2-FMV2
224,PT-239O-S3D1-FMV1
225,PT-239O-S3D1-2
226,PT-239O-S3D1-4
227,PT-239O-S3D1-6
228,PT-239O-S3D1-8
229,PT-239O-S3D1-10
230,PT-239O-S3D1-12
231,PT-239O-S3D2-FMV2
232,PT-611V-S2D1-FMV1
233,PT-611V-S2D1-2
234,PT-611V-S2D1-4
235,PT-611V-S2D1-6
236,PT-611V-S2D1-8
237,PT-611V-S2D1-10
238,PT-611V-S2D1-12
239,PT-611V-S2D1-14
240,PT-611V-S2D1-BT
241,PT-611V-S2D2-FMV2
242,PT-397R-S3D1-FMV1
243,PT-397R-S3D1-2
244,PT-397R-S3D1-4
245,PT-397R-S3D1-6
246,PT-397R-S3D1-8
247,PT-397R-S3D1-10
248,PT-397R-S3D1-12
249,PT-397R-S3D1-14
250,PT-397R-S3D1-BT
251,PT-397R-S3D2-FMV2
252,PT-130A-S2D1-FMV1
253,PT-130A-S2D1-2
254,PT-130A-S3D1-4
255,PT-130A-S2D1-6
256,PT-130A-S2D1-8
257,PT-130A-S2D1-10
258,PT-130A-S2D1-12
259,PT-130A-S2D1-14
260,PT-130A-S2D1-BT
261,PT-130A-S2D2-FMV2
262,PT-161H-S3D1-FMV1
263,PT-161H-S3D1-2
264,PT-161H-S3D1-4
265,PT-161H-S3D1-6
266,PT-161H-S3D1-8
267,PT-161H-S3D1-10
268,PT-161H-S3D1-12
269,PT-161H-S3D1-BT
270,PT-161H-S3D2-FMV2
271,PT-295U-S3D1-FMV1
272,PT-295U-S3D1-2
273,PT-295U-S3D1-4
274,PT-295U-S3D1-6
275,PT-295U-S3D1-8
276,PT-295U-S3D1-10
277,PT-295U-S3D1-12
278,PT-295U-S3D1-BT
279,PT-295U-S3D2-FMV2
280,PT-297A-S3D1-FMV1
281,PT-297A-S3D1-2
282,PT-297A-S3D1-4
283,PT-297A-S3D1-6
284,PT-297A-S3D1-8
285,PT-297A-S3D1-10
286,PT-297A-S3D1-12
287,PT-297A-S3D1-BT
288,PT-297A-S3D2-FMV2
289,PT-835E-S2D1-FMV1
290,PT-835E-S2D1-2
291,PT-835E-S2D1-4
292,PT-835E-S2D1-6
293,PT-835E-S2D1-8
294,PT-835E-S2D1-10
295,PT-835E-S2D1-12
296,PT-835E-S2D1-14
297,PT-835E-S2D1-BT
298,PT-835E-S2D2-FMV2
299,PT-966T-S3D1-FMV1
300,PT-966T-S3D1-2
301,PT-966T-S3D1-4
302,PT-966T-S3D1-6
303,PT-966T-S3D1-8
304,PT-966T-S3D1-10
305,PT-966T-S3D1-12
306,PT-966T-S3D1-14
307,PT-966T-S3D1-BT
308,PT-966T-S3D2-FMV2
309,PT-986P-S1D1-FMV1
310,PT-986P-S1D1-2
311,PT-986P-S1D1-4
312,PT-986P-S1D1-6
313,PT-986P-S1D1-8
314,PT-986P-S1D1-10
315,PT-986P-S1D1-BT
316,PT-986P-S1D2-FMV2
317,PT-611V-S3D1-FMV1
318,PT-611V-S3D1-2
319,PT-611V-S3D1-4
320,PT-611V-S3D1-6
321,PT-611V-S3D1-8
322,PT-611V-S3D1-10
323,PT-611V-S3D1-12
324,PT-611V-S3D1-14
325,PT-611V-S3D1-BT
326,PT-611V-S3D2-FMV2
327,PT-130A-S3D1-FMV1
328,PT-130A-S3D1-2
329,PT-130A-S3D1-4
330,PT-130A-S3D1-6
331,PT-130A-S3D1-8
332,PT-130A-S3D1-10
333,PT-130A-S3D1-12
334,PT-130A-S3D1-14
335,PT-130A-S3D1-BT
336,PT-130A-S3D2-FMV2
337,PT-835E-S3D1-FMV1
338,PT-835E-S3D1-2
339,PT-835E-S3D1-4
340,PT-835E-S3D1-6
341,PT-835E-S3D1-8
342,PT-835E-S3D1-10
343,PT-835E-S3D1-12
344,PT-835E-S3D1-14
345,PT-835E-S3D1-BT
346,PT-835E-S3D2-FMV2
347,PT-339O-S3D1-FMV1
348,PT-339O-S3D1-2
349,PT-339O-S3D1-4
350,PT-339O-S3D1-6
351,PT-339O-S3D1-8
352,PT-339O-S3D1-10
353,PT-339O-S3D1-12
354,PT-339O-S3D1-BT
355,PT-339O-S3D2-FMV2
356,PT-606L-S2D1-FMV1
357,PT-606L-S2D1-2
358,PT-606L-S2D1-4
359,PT-606L-S2D1-6
360,PT-606L-S2D1-8
361,PT-606L-S2D1-10
362,PT-606L-S2D1-14
363,PT-606L-S2D1-BT
364,PT-606L-S2D2-FMV2
365,PT-986P-S2D1-FMV1
366,PT-986P-S2D1-2
367,PT-986P-S2D1-4
368,PT-986P-S2D1-6
369,PT-986P-S2D1-8
370,PT-986P-S2D1-10
371,PT-986P-S2D1-12
372,PT-986P-S2D2-FMV2
373,PT-339O-S4D1-FMV1
374,PT-339O-S4D1-2
375,PT-339O-S4D1-4
376,PT-339O-S4D1-6
377,PT-339O-S4D1-8
378,PT-339O-S4D1-10
379,PT-339O-S4D1-12
380,PT-339O-S4D1-BT
381,PT-339O-S4D2-FMV2
382,PT-606L-S3D1-FMV1
383,PT-606L-S3D1-2
384,PT-606L-S3D1-4
385,PT-606L-S3D1-6
386,PT-606L-S3D1-8
387,PT-606L-S3D1-10
388,PT-606L-S3D1-12
389,PT-606L-S3D1-BT
390,PT-606L-S3D2-FMV2
391,PT-986P-S3D1-FMV1
392,PT-986P-S3D1-2
393,PT-986P-S3D1-4
394,PT-986P-S3D1-6
395,PT-986P-S3D1-8
396,PT-986P-S3D1-10
397,PT-986P-S3D1-12
398,PT-986P-S3D1-BT
399,PT-986P-S3D2-FMV2
